{
  "losses": [
    0.3300052923165382
  ],
  "metrics": {
    "both": {
      "optimistic": {
        "adjusted_arithmetic_mean_rank": 0.16456192968938563,
        "adjusted_arithmetic_mean_rank_index": 0.8355282985817354,
        "adjusted_geometric_mean_rank_index": 0.9612117822782648,
        "adjusted_hits_at_k": 0.07256386696923375,
        "adjusted_inverse_harmonic_mean_rank": 0.03165417583537935,
        "arithmetic_mean_rank": 1523.8699291942,
        "count": 1269670.0,
        "geometric_mean_rank": 263.0133152782542,
        "harmonic_mean_rank": 31.0492747073814,
        "hits_at_1": 0.006901005773153654,
        "hits_at_10": 0.07307410587002922,
        "hits_at_3": 0.022364866461363975,
        "hits_at_5": 0.03724904896547922,
        "inverse_arithmetic_mean_rank": 0.0006562239866028364,
        "inverse_geometric_mean_rank": 0.003802088875014,
        "inverse_harmonic_mean_rank": 0.032206871478458986,
        "inverse_median_rank": 0.0037735849056603774,
        "median_absolute_deviation": 375.0983612819173,
        "median_rank": 265.0,
        "standard_deviation": 2758.376496423853,
        "variance": 7608640.896023531,
        "z_arithmetic_mean_rank": 1618.2579636930282,
        "z_geometric_mean_rank": 1077.1105432089553,
        "z_hits_at_k": 3485.0123584664434,
        "z_inverse_harmonic_mean_rank": 3754.1741329737065
      },
      "pessimistic": {
        "adjusted_arithmetic_mean_rank": 0.16456208414598122,
        "adjusted_arithmetic_mean_rank_index": 0.8355281441084583,
        "adjusted_geometric_mean_rank_index": 0.9612117057000005,
        "adjusted_hits_at_k": 0.07256386696923375,
        "adjusted_inverse_harmonic_mean_rank": 0.0316540835798063,
        "arithmetic_mean_rank": 1523.8713594871108,
        "count": 1269670.0,
        "geometric_mean_rank": 263.0138325622667,
        "harmonic_mean_rank": 31.049363596545845,
        "hits_at_1": 0.006901005773153654,
        "hits_at_10": 0.07307410587002922,
        "hits_at_3": 0.022364078855135586,
        "hits_at_5": 0.03724904896547922,
        "inverse_arithmetic_mean_rank": 0.0006562233706764919,
        "inverse_geometric_mean_rank": 0.0038020813972331926,
        "inverse_harmonic_mean_rank": 0.03220677927554197,
        "inverse_median_rank": 0.0037735849056603774,
        "median_absolute_deviation": 375.0983612819173,
        "median_rank": 265.0,
        "standard_deviation": 2758.378095019225,
        "variance": 7608649.715081887,
        "z_arithmetic_mean_rank": 1618.2576645079362,
        "z_geometric_mean_rank": 1077.110457397215,
        "z_hits_at_k": 3485.0123584664434,
        "z_inverse_harmonic_mean_rank": 3754.163191495155
      },
      "realistic": {
        "adjusted_arithmetic_mean_rank": 0.16456200271992635,
        "adjusted_arithmetic_mean_rank_index": 0.8355282255433073,
        "adjusted_geometric_mean_rank_index": 0.9612117656303608,
        "adjusted_hits_at_k": 0.07256386696923375,
        "adjusted_inverse_harmonic_mean_rank": 0.03165412278806109,
        "arithmetic_mean_rank": 1523.87060546875,
        "count": 1269670.0,
        "geometric_mean_rank": 263.013427734375,
        "harmonic_mean_rank": 31.049325818939252,
        "hits_at_1": 0.006901005773153654,
        "hits_at_10": 0.07307410587002922,
        "hits_at_3": 0.022364078855135586,
        "hits_at_5": 0.03724904896547922,
        "inverse_arithmetic_mean_rank": 0.0006562236812897027,
        "inverse_geometric_mean_rank": 0.0038020871579647064,
        "inverse_harmonic_mean_rank": 0.03220681846141815,
        "inverse_median_rank": 0.0037735849618911743,
        "median_absolute_deviation": 375.0983612819173,
        "median_rank": 265.0,
        "standard_deviation": 2758.378173828125,
        "variance": 7608649.5,
        "z_arithmetic_mean_rank": 1618.2578222316101,
        "z_geometric_mean_rank": 1077.1105245537192,
        "z_hits_at_k": 3485.0123584664434,
        "z_inverse_harmonic_mean_rank": 3754.167841580398
      }
    },
    "head": {
      "optimistic": {
        "adjusted_arithmetic_mean_rank": 0.326897349093199,
        "adjusted_arithmetic_mean_rank_index": 0.6731826789713247,
        "adjusted_geometric_mean_rank_index": 0.8109800250444975,
        "adjusted_hits_at_k": 0.00917568366711574,
        "adjusted_inverse_harmonic_mean_rank": 0.005422288616415262,
        "arithmetic_mean_rank": 2749.805765277592,
        "count": 634835.0,
        "geometric_mean_rank": 1160.5650411003442,
        "harmonic_mean_rank": 165.52316982787647,
        "hits_at_1": 0.0010837461702647145,
        "hits_at_10": 0.009775768506777352,
        "hits_at_3": 0.0031929556498932793,
        "hits_at_5": 0.005155670371041294,
        "inverse_arithmetic_mean_rank": 0.0003636620493808043,
        "inverse_geometric_mean_rank": 0.000861649252377867,
        "inverse_harmonic_mean_rank": 0.006041450275752184,
        "inverse_median_rank": 0.0006858710562414266,
        "median_absolute_deviation": 1789.5008777362616,
        "median_rank": 1458.0,
        "standard_deviation": 3317.8894986925343,
        "variance": 11008390.725534195,
        "z_arithmetic_mean_rank": 921.3154931000618,
        "z_geometric_mean_rank": 647.9006443939124,
        "z_hits_at_k": 296.98334646635277,
        "z_inverse_harmonic_mean_rank": 433.44037866341745
      },
      "pessimistic": {
        "adjusted_arithmetic_mean_rank": 0.32689762361857083,
        "adjusted_arithmetic_mean_rank_index": 0.6731824044133133,
        "adjusted_geometric_mean_rank_index": 0.8109797676033792,
        "adjusted_hits_at_k": 0.00917568366711574,
        "adjusted_inverse_harmonic_mean_rank": 0.005422284733687763,
        "arithmetic_mean_rank": 2749.8080745390535,
        "count": 634835.0,
        "geometric_mean_rank": 1160.5666204028546,
        "harmonic_mean_rank": 165.5232761403765,
        "hits_at_1": 0.0010837461702647145,
        "hits_at_10": 0.009775768506777352,
        "hits_at_3": 0.0031929556498932793,
        "hits_at_5": 0.005155670371041294,
        "inverse_arithmetic_mean_rank": 0.0003636617439810335,
        "inverse_geometric_mean_rank": 0.0008616480798430004,
        "inverse_harmonic_mean_rank": 0.006041446395441828,
        "inverse_median_rank": 0.0006858710562414266,
        "median_absolute_deviation": 1789.5008777362616,
        "median_rank": 1458.0,
        "standard_deviation": 3317.891169760512,
        "variance": 11008401.814374778,
        "z_arithmetic_mean_rank": 921.3151173409142,
        "z_geometric_mean_rank": 647.9004387214404,
        "z_hits_at_k": 296.98334646635277,
        "z_inverse_harmonic_mean_rank": 433.4400682906217
      },
      "realistic": {
        "adjusted_arithmetic_mean_rank": 0.32689748217811543,
        "adjusted_arithmetic_mean_rank_index": 0.6731825458705852,
        "adjusted_geometric_mean_rank_index": 0.8109797826136971,
        "adjusted_hits_at_k": 0.00917568366711574,
        "adjusted_inverse_harmonic_mean_rank": 0.0054222859710309785,
        "arithmetic_mean_rank": 2749.806884765625,
        "count": 634835.0,
        "geometric_mean_rank": 1160.5665283203125,
        "harmonic_mean_rank": 165.52324226081421,
        "hits_at_1": 0.0010837461702647145,
        "hits_at_10": 0.009775768506777352,
        "hits_at_3": 0.0031929556498932793,
        "hits_at_5": 0.005155670371041294,
        "inverse_arithmetic_mean_rank": 0.00036366190761327744,
        "inverse_geometric_mean_rank": 0.0008616481209173799,
        "inverse_harmonic_mean_rank": 0.0060414476320147514,
        "inverse_median_rank": 0.0006858710548840463,
        "median_absolute_deviation": 1789.5008777362616,
        "median_rank": 1458.0,
        "standard_deviation": 3317.890380859375,
        "variance": 11008396.0,
        "z_arithmetic_mean_rank": 921.3153109388487,
        "z_geometric_mean_rank": 647.9004507133444,
        "z_hits_at_k": 296.98334646635277,
        "z_inverse_harmonic_mean_rank": 433.4401671998738
      }
    },