{
  "losses": [
    9.588916778564453,
    9.287323315938314,
    9.208167870839437,
    8.901106198628744,
    9.568830331166586,
    8.890258232752482,
    8.859632015228271,
    8.804205735524496,
    9.104471842447916,
    8.073389053344727,
    8.474318265914917,
    8.180724461873373,
    8.538382291793823,
    8.29087766011556,
    7.938179651896159,
    8.465301752090454,
    8.277424414952597,
    8.29080335299174,
    7.700375080108643,
    7.5735264619191485,
    7.386562665303548,
    7.399806420008342,
    7.553263028462728,
    7.4041502475738525,
    7.087513526280721,
    7.686170736948649,
    7.627885262171428,
    7.21323823928833,
    6.606835722923279,
    7.052038669586182,
    7.037652254104614,
    6.725381215413411,
    7.1270255247751875,
    6.762217998504639,
    6.426807324091594,
    6.711647033691406,
    6.7471817334493,
    6.249306678771973,
    6.854658444722493,
    6.250281016031901,
    6.416965166727702,
    6.117807308832805,
    6.263960758845012,
    5.967686414718628,
    6.025829315185547,
    5.853322823842366,
    5.967441161473592,
    5.837923765182495,
    5.882573207219441,
    5.946003357569377,
    6.016245285669963,
    5.4268044630686445,
    5.180270989735921,
    5.809435447057088,
    5.3839631875356035,
    5.404865741729736,
    5.25828488667806,
    5.300011157989502,
    5.130022207895915,
    5.113879521687825,
    5.051309823989868,
    5.147065003712972,
    5.136897325515747,
    4.928251345952352,
    5.123782157897949,
    4.842310031255086,
    4.846833149592082,
    4.559145053227742,
    4.893229325612386,
    4.685300191243489,
    4.619320074717204,
    4.575346072514852,
    4.549222469329834,
    4.379810730616252,
    4.350570599238078,
    4.443801641464233,
    4.46876307328542,
    4.334940433502197,
    4.584657748540242,
    4.272355516751607,
    4.205548604329427,
    4.241626977920532,
    4.227920055389404,
    4.156643033027649,
    4.096660415331523,
    3.7623983224232993,
    4.0617982149124146,
    3.947585384051005,
    3.9926571051279702,
    3.9157841205596924,
    3.909294923146566,
    4.13100004196167,
    3.712446371714274,
    3.8214184045791626,
    3.74655282497406,
    3.742699940999349,
    3.538800040880839,
    3.7663365999857583,
    3.5708980162938437,
    3.473335385322571
  ],
  "metrics": {
    "both": {
      "optimistic": {
        "adjusted_arithmetic_mean_rank": 1.0197972090582996,
        "adjusted_arithmetic_mean_rank_index": -0.019873369170087418,
        "adjusted_geometric_mean_rank_index": -0.023458557651166778,
        "adjusted_hits_at_k": -0.00444291985311932,
        "adjusted_inverse_harmonic_mean_rank": -0.0017673941077007392,
        "arithmetic_mean_rank": 266.1078869047619,
        "count": 1344.0,
        "geometric_mean_rank": 197.4949728623514,
        "harmonic_mean_rank": 87.74522780128144,
        "hits_at_1": 0.000744047619047619,
        "hits_at_10": 0.01488095238095238,
        "hits_at_3": 0.004464285714285714,
        "hits_at_5": 0.005952380952380952,
        "inverse_arithmetic_mean_rank": 0.003757874340484665,
        "inverse_geometric_mean_rank": 0.005063420022832544,
        "inverse_harmonic_mean_rank": 0.01139663119075515,
        "inverse_median_rank": 0.003676470588235294,
        "median_absolute_deviation": 198.66869727975066,
        "median_rank": 272.0,
        "standard_deviation": 154.3298766624722,
        "variance": 23817.71083065388,
        "z_arithmetic_mean_rank": -1.2582824316167134,
        "z_geometric_mean_rank": -0.8772979636588332,
        "z_hits_at_k": -1.1629875848543954,
        "z_inverse_harmonic_mean_rank": -1.1697786393414376
      },
      "pessimistic": {
        "adjusted_arithmetic_mean_rank": 1.0197972090582996,
        "adjusted_arithmetic_mean_rank_index": -0.019873369170087418,
        "adjusted_geometric_mean_rank_index": -0.023458557651166778,
        "adjusted_hits_at_k": -0.00444291985311932,
        "adjusted_inverse_harmonic_mean_rank": -0.0017673941077007392,
        "arithmetic_mean_rank": 266.1078869047619,
        "count": 1344.0,
        "geometric_mean_rank": 197.4949728623514,
        "harmonic_mean_rank": 87.74522780128144,
        "hits_at_1": 0.000744047619047619,
        "hits_at_10": 0.01488095238095238,
        "hits_at_3": 0.004464285714285714,
        "hits_at_5": 0.005952380952380952,
        "inverse_arithmetic_mean_rank": 0.003757874340484665,
        "inverse_geometric_mean_rank": 0.005063420022832544,
        "inverse_harmonic_mean_rank": 0.01139663119075515,
        "inverse_median_rank": 0.003676470588235294,
        "median_absolute_deviation": 198.66869727975066,
        "median_rank": 272.0,
        "standard_deviation": 154.3298766624722,
        "variance": 23817.71083065388,
        "z_arithmetic_mean_rank": -1.2582824316167134,
        "z_geometric_mean_rank": -0.8772979636588332,
        "z_hits_at_k": -1.1629875848543954,
        "z_inverse_harmonic_mean_rank": -1.1697786393414376
      },
      "realistic": {
        "adjusted_arithmetic_mean_rank": 1.0197971812126825,
        "adjusted_arithmetic_mean_rank_index": -0.01987334121734774,
        "adjusted_geometric_mean_rank_index": -0.023458594090593587,
        "adjusted_hits_at_k": -0.00444291985311932,
        "adjusted_inverse_harmonic_mean_rank": -0.00176739463827808,
        "arithmetic_mean_rank": 266.1078796386719,
        "count": 1344.0,
        "geometric_mean_rank": 197.49497985839844,
        "harmonic_mean_rank": 87.74523183263533,
        "hits_at_1": 0.000744047619047619,
        "hits_at_10": 0.01488095238095238,
        "hits_at_3": 0.004464285714285714,
        "hits_at_5": 0.005952380952380952,
        "inverse_arithmetic_mean_rank": 0.003757874481379986,
        "inverse_geometric_mean_rank": 0.005063419695943594,
        "inverse_harmonic_mean_rank": 0.01139663066715002,
        "inverse_median_rank": 0.0036764706019312143,
        "median_absolute_deviation": 198.66869727975066,
        "median_rank": 272.0,
        "standard_deviation": 154.3298797607422,
        "variance": 23817.7109375,
        "z_arithmetic_mean_rank": -1.258280661788909,
        "z_geometric_mean_rank": -0.8772993264124835,
        "z_hits_at_k": -1.1629875848543954,
        "z_inverse_harmonic_mean_rank": -1.169778990512711
      }
    },
    "head": {
      "optimistic": {
        "adjusted_arithmetic_mean_rank": 1.0188318745398663,
        "adjusted_arithmetic_mean_rank_index": -0.018906108849443104,
        "adjusted_geometric_mean_rank_index": -0.025351805151443862,
        "adjusted_hits_at_k": -0.00493879832038434,
        "adjusted_inverse_harmonic_mean_rank": -0.00256953308615975,
        "arithmetic_mean_rank": 259.47767857142856,
        "count": 672.0,
        "geometric_mean_rank": 193.15332070264006,
        "harmonic_mean_rank": 91.85380136319712,
        "hits_at_1": 0.0,
        "hits_at_10": 0.01488095238095238,
        "hits_at_3": 0.004464285714285714,
        "hits_at_5": 0.005952380952380952,
        "inverse_arithmetic_mean_rank": 0.0038538960480360616,
        "inverse_geometric_mean_rank": 0.005177234315010831,
        "inverse_harmonic_mean_rank": 0.010886865705709028,
        "inverse_median_rank": 0.003816793893129771,
        "median_absolute_deviation": 194.22089062423385,
        "median_rank": 262.0,
        "standard_deviation": 151.3734721580449,
        "variance": 22913.928073182396,
        "z_arithmetic_mean_rank": -0.8461773749300079,
        "z_geometric_mean_rank": -0.670942669132959,
        "z_hits_at_k": -0.902637422006392,
        "z_inverse_harmonic_mean_rank": -1.1880218437465881
      },
      "pessimistic": {
        "adjusted_arithmetic_mean_rank": 1.0188318745398663,
        "adjusted_arithmetic_mean_rank_index": -0.018906108849443104,
        "adjusted_geometric_mean_rank_index": -0.025351805151443862,
        "adjusted_hits_at_k": -0.00493879832038434,
        "adjusted_inverse_harmonic_mean_rank": -0.00256953308615975,